{
  "corr_video": {
    "n_videos": 349,
    "pearson_osats_vs_grs": {
      "OSATS_RESPECT": 0.8835571777214034,
      "OSATS_MOTION": 0.9550492343391671,
      "OSATS_INSTRUMENT": 0.9718099103609024,
      "OSATS_SUTURE": 0.9713680973743852,
      "OSATS_FLOW": 0.9567932916042097,
      "OSATS_KNOWLEDGE": 0.968736078152034,
      "OSATS_PERFORMANCE": 0.9834009903124342,
      "OSATSFINALQUALITY": 0.9704013050179041
    },
    "spearman_osats_vs_grs": {},
    "inter_osats_pearson_matrix": {
      "OSATS_RESPECT": {
        "OSATS_RESPECT": 1.0,
        "OSATS_MOTION": 0.7962862047823477,
        "OSATS_INSTRUMENT": 0.8326048117851055,
        "OSATS_SUTURE": 0.84031558566799,
        "OSATS_FLOW": 0.7924393893886897,
        "OSATS_KNOWLEDGE": 0.8187139443222228,
        "OSATS_PERFORMANCE": 0.846733610135169,
        "OSATS_FINAL_QUALITY": 0.8619685027974026
      },
      "OSATS_MOTION": {
        "OSATS_RESPECT": 0.7962862047823477,
        "OSATS_MOTION": 1.0,
        "OSATS_INSTRUMENT": 0.9293695834934339,
        "OSATS_SUTURE": 0.9110121551454753,
        "OSATS_FLOW": 0.9476369738086855,
        "OSATS_KNOWLEDGE": 0.9092556905468363,
        "OSATS_PERFORMANCE": 0.9372082313678367,
        "OSATS_FINAL_QUALITY": 0.8950280961612506
      },
      "OSATS_INSTRUMENT": {
        "OSATS_RESPECT": 0.8326048117851055,
        "OSATS_MOTION": 0.9293695834934339,
        "OSATS_INSTRUMENT": 1.0,
        "OSATS_SUTURE": 0.9347735853433987,
        "OSATS_FLOW": 0.936643864537422,
        "OSATS_KNOWLEDGE": 0.9343962429475461,
        "OSATS_PERFORMANCE": 0.9551073567487061,
        "OSATS_FINAL_QUALITY": 0.9259666493675968
      },
      "OSATS_SUTURE": {
        "OSATS_RESPECT": 0.84031558566799,
        "OSATS_MOTION": 0.9110121551454753,
        "OSATS_INSTRUMENT": 0.9347735853433987,
        "OSATS_SUTURE": 1.0,
        "OSATS_FLOW": 0.9113486889042011,
        "OSATS_KNOWLEDGE": 0.9376728460986633,
        "OSATS_PERFORMANCE": 0.9510418283783414,
        "OSATS_FINAL_QUALITY": 0.9520952322029521
      },
      "OSATS_FLOW": {
        "OSATS_RESPECT": 0.7924393893886897,
        "OSATS_MOTION": 0.9476369738086855,
        "OSATS_INSTRUMENT": 0.936643864537422,
        "OSATS_SUTURE": 0.9113486889042011,
        "OSATS_FLOW": 1.0,
        "OSATS_KNOWLEDGE": 0.911283434257345,
        "OSATS_PERFORMANCE": 0.9376138769375829,
        "OSATS_FINAL_QUALITY": 0.8989357792090542
      },
      "OSATS_KNOWLEDGE": {
        "OSATS_RESPECT": 0.8187139443222228,
        "OSATS_MOTION": 0.9092556905468363,
        "OSATS_INSTRUMENT": 0.9343962429475461,
        "OSATS_SUTURE": 0.9376728460986633,
        "OSATS_FLOW": 0.911283434257345,
        "OSATS_KNOWLEDGE": 1.0,
        "OSATS_PERFORMANCE": 0.9542120116240094,
        "OSATS_FINAL_QUALITY": 0.9405277545271677
      },
      "OSATS_PERFORMANCE": {
        "OSATS_RESPECT": 0.846733610135169,
        "OSATS_MOTION": 0.9372082313678367,
        "OSATS_INSTRUMENT": 0.9551073567487061,
        "OSATS_SUTURE": 0.9510418283783414,
        "OSATS_FLOW": 0.9376138769375829,
        "OSATS_KNOWLEDGE": 0.9542120116240094,
        "OSATS_PERFORMANCE": 1.0,
        "OSATS_FINAL_QUALITY": 0.9494730556854205
      },
      "OSATS_FINAL_QUALITY": {
        "OSATS_RESPECT": 0.8619685027974026,
        "OSATS_MOTION": 0.8950280961612506,
        "OSATS_INSTRUMENT": 0.9259666493675968,
        "OSATS_SUTURE": 0.9520952322029521,
        "OSATS_FLOW": 0.8989357792090542,
        "OSATS_KNOWLEDGE": 0.9405277545271677,
        "OSATS_PERFORMANCE": 0.9494730556854205,
        "OSATS_FINAL_QUALITY": 1.0
      }
    }
  },
  "pre_post": {
    "n_students_with_pre_post": 157,
    "grs_delta_stats": {
      "mean": 12.439490445859871,
      "median": 13.0,
      "min": -0.6666666666666643,
      "max": 23.0
    },
    "osats_delta_vs_grs_delta_pearson": {
      "OSATS_RESPECT": 0.6598717983398755,
      "OSATS_MOTION": 0.8150759494062892,
      "OSATS_INSTRUMENT": 0.8806225299063428,
      "OSATS_SUTURE": 0.8881962942813934,
      "OSATS_FLOW": 0.8564528926002156,
      "OSATS_KNOWLEDGE": 0.8663656209758037,
      "OSATS_PERFORMANCE": 0.9145434311559806,
      "OSATSFINALQUALITY": 0.8639349349294158
    },
    "available": true
  }
}